{
	"class_name" : "PinholeCameraParameters",
	"extrinsic" : 
	[
		0.91520112065403025,
		0.38160573401535064,
		-0.12955297186947393,
		0.0,
		0.078248340011150011,
		-0.48362361766084866,
		-0.87177141139528824,
		0.0,
		-0.39532784627332629,
		0.78770886767081583,
		-0.47247289208340254,
		0.0,
		0.56536971836698735,
		-0.80580669660939863,
		1.0235977195610835,
		1.0
	],
	"intrinsic" : 
	{
		"height" : 1136,
		"intrinsic_matrix" : 
		[
			983.80485869912241,
			0.0,
			0.0,
			0.0,
			983.80485869912241,
			0.0,
			924.5,
			567.5,
			1.0
		],
		"width" : 1850
	},
	"version_major" : 1,
	"version_minor" : 0
}