{
  "input_ply": "/home/MA_SmartGrip/Smartgrip/ros2_ws/src/gripanything/gripanything/pictures/vggt_output/points.ply",
  "voxel": 0.0072646611928939816,
  "center": [
    -0.043716084499766446,
    0.046623779658134364,
    0.9067001265523568
  ],
  "obb_extent": [
    0.18884589683346928,
    0.1846427578745234,
    0.14921019841536187
  ],
  "counts": {
    "points_no_table": 49004,
    "near_main_raw": 47133,
    "main_cluster_raw": 47010,
    "main_cluster_clean": 46645
  }
}