{
  "input_ply": "/home/MA_SmartGrip/Smartgrip/ros2_ws/src/gripanything/gripanything/vggt_output/blue_cube_30_b30.ply",
  "voxel": 0.008451994359493255,
  "center": [
    0.037416334204380175,
    0.12200951002648408,
    0.8809952575707356
  ],
  "obb_extent": [
    0.34617643425101363,
    0.19616039184658296,
    0.185708775775414
  ],
  "counts": {
    "points_no_table": 106567,
    "near_main_raw": 102140,
    "main_cluster_raw": 102090,
    "main_cluster_clean": 101510
  }
}